<?xml version="1.0" encoding="UTF-8"?>
<project-private xmlns="http://www.netbeans.org/ns/project-private/1">
    <editor-bookmarks xmlns="http://www.netbeans.org/ns/editor-bookmarks/2" lastBookmarkId="0"/>
    <open-files xmlns="http://www.netbeans.org/ns/projectui-open-files/2">
        <group>
            <file>file:/E:/FeastLink/Project_4/FeastLink-ejb/src/java/com/mypack/entity/Bookings.java</file>
            <file>file:/E:/FeastLink/Project_4/FeastLink-ejb/src/java/com/mypack/entity/EventTypes.java</file>
            <file>file:/E:/FeastLink/Project_4/FeastLink-ejb/src/java/com/mypack/sessionbean/BookingsFacade.java</file>
            <file>file:/E:/FeastLink/Project_4/FeastLink-ejb/src/java/com/mypack/sessionbean/BookingsFacadeLocal.java</file>
            <file>file:/E:/FeastLink/Project_4/FeastLink-ejb/src/java/com/mypack/entity/Cuisines.java</file>
        </group>
    </open-files>
</project-private>
