<?xml version="1.0" encoding="UTF-8"?>
<project-private xmlns="http://www.netbeans.org/ns/project-private/1">
    <editor-bookmarks xmlns="http://www.netbeans.org/ns/editor-bookmarks/2" lastBookmarkId="0"/>
    <open-files xmlns="http://www.netbeans.org/ns/projectui-open-files/2">
        <group>
            <file>file:/E:/FeastLink/Project_4/FeastLink-war/web/layout/header.xhtml</file>
            <file>file:/E:/FeastLink/Project_4/FeastLink-war/web/layout/footer.xhtml</file>
            <file>file:/E:/FeastLink/Project_4/FeastLink-war/web/WEB-INF/web.xml</file>
            <file>file:/E:/FeastLink/Project_4/FeastLink-war/web/login.xhtml</file>
            <file>file:/E:/FeastLink/Project_4/FeastLink-war/web/css/auth.css</file>
            <file>file:/E:/FeastLink/Project_4/FeastLink-war/web/register.xhtml</file>
            <file>file:/E:/FeastLink/Project_4/FeastLink-war/web/Restaurant/capacity.xhtml</file>
            <file>file:/E:/FeastLink/Project_4/FeastLink-war/web/Restaurant/dashboard.xhtml</file>
            <file>file:/E:/FeastLink/Project_4/FeastLink-war/web/Restaurant/menu-packages.xhtml</file>
            <file>file:/E:/FeastLink/Project_4/FeastLink-war/web/Restaurant/profile.xhtml</file>
            <file>file:/E:/FeastLink/Project_4/FeastLink-war/web/js/restaurants.js</file>
            <file>file:/E:/FeastLink/Project_4/FeastLink-war/web/forgot-password.xhtml</file>
            <file>file:/E:/FeastLink/Project_4/FeastLink-war/web/css/register_manager.css</file>
            <file>file:/E:/FeastLink/Project_4/FeastLink-war/web/js/restaurant_details.js</file>
            <file>file:/E:/FeastLink/Project_4/FeastLink-war/web/js/booking.js</file>
            <file>file:/E:/FeastLink/Project_4/FeastLink-war/src/java/com/customer/bean/CustomerBookingBean.java</file>
            <file>file:/E:/FeastLink/Project_4/FeastLink-war/src/java/com/mypack/admin/DashboardBean.java</file>
            <file>file:/E:/FeastLink/Project_4/FeastLink-war/src/java/com/customer/bean/CustomerHomeBean.java</file>
            <file>file:/E:/FeastLink/Project_4/FeastLink-war/src/java/com/customer/bean/CustomerMyBookingsBean.java</file>
            <file>file:/E:/FeastLink/Project_4/FeastLink-war/src/java/com/mypack/bean/LoginBean.java</file>
            <file>file:/E:/FeastLink/Project_4/FeastLink-war/src/java/com/customer/bean/CustomerBookingDetailsBean.java</file>
            <file>file:/E:/FeastLink/Project_4/FeastLink-war/src/java/com/customer/bean/CustomerBookingsBean.java</file>
            <file>file:/E:/FeastLink/Project_4/FeastLink-war/src/java/com/customer/bean/CustomerRestaurantsBean.java</file>
            <file>file:/E:/FeastLink/Project_4/FeastLink-war/src/java/com/restaurant/bean/CapacityAvailabilityBean.java</file>
            <file>file:/E:/FeastLink/Project_4/FeastLink-war/src/java/com/customer/bean/RestaurantDetailsBean.java</file>
            <file>file:/E:/FeastLink/Project_4/FeastLink-war/web/Customer/booking.xhtml</file>
            <file>file:/E:/FeastLink/Project_4/FeastLink-war/web/Customer/my-bookings.xhtml</file>
            <file>file:/E:/FeastLink/Project_4/FeastLink-war/web/Restaurant/layout-manager.xhtml</file>
            <file>file:/E:/FeastLink/Project_4/FeastLink-war/web/Customer/booking-details.xhtml</file>
            <file>file:/E:/FeastLink/Project_4/FeastLink-war/web/Customer/feedback.xhtml</file>
            <file>file:/E:/FeastLink/Project_4/FeastLink-war/web/Customer/profile.xhtml</file>
            <file>file:/E:/FeastLink/Project_4/FeastLink-war/web/Restaurant/menu-category-new.xhtml</file>
            <file>file:/E:/FeastLink/Project_4/FeastLink-war/web/Restaurant/restaurant-layout.xhtml</file>
            <file>file:/E:/FeastLink/Project_4/FeastLink-war/web/Restaurant/booking-management.xhtml</file>
            <file>file:/E:/FeastLink/Project_4/FeastLink-war/src/java/com/restaurant/bean/BookingManagementBean.java</file>
            <file>file:/E:/FeastLink/Project_4/FeastLink-war/web/Customer/restaurants.xhtml</file>
            <file>file:/E:/FeastLink/Project_4/FeastLink-war/web/Customer/restaurant-details.xhtml</file>
            <file>file:/E:/FeastLink/Project_4/FeastLink-war/src/java/com/restaurant/bean/BookingDetailBean.java</file>
            <file>file:/E:/FeastLink/Project_4/FeastLink-war/web/Customer/favorites.xhtml</file>
            <file>file:/E:/FeastLink/Project_4/FeastLink-war/web/Customer/index.xhtml</file>
            <file>file:/E:/FeastLink/Project_4/FeastLink-war/src/java/com/restaurant/bean/EventTypesBean.java</file>
            <file>file:/E:/FeastLink/Project_4/FeastLink-war/web/Restaurant/event-types.xhtml</file>
            <file>file:/E:/FeastLink/Project_4/FeastLink-war/web/Restaurant/booking-detail.xhtml</file>
            <file>file:/E:/FeastLink/Project_4/FeastLink-war/web/Restaurant/menu-combo-detail.xhtml</file>
            <file>file:/E:/FeastLink/Project_4/FeastLink-war/web/Restaurant/menu-combo-new.xhtml</file>
            <file>file:/E:/FeastLink/Project_4/FeastLink-war/web/Restaurant/menu-item-new.xhtml</file>
            <file>file:/E:/FeastLink/Project_4/FeastLink-war/web/Restaurant/menu-item-detail.xhtml</file>
            <file>file:/E:/FeastLink/Project_4/FeastLink-war/src/java/com/restaurant/bean/EventTypesPublicBean.java</file>
            <file>file:/E:/FeastLink/Project_4/FeastLink-war/src/java/com/customer/bean/RestaurantChatBean.java</file>
        </group>
    </open-files>
</project-private>
